ID,Happy
10000124,Pretty Happy
10000133,Pretty Happy
10000149,Pretty Happy
10000156,Pretty Happy
10000161,Pretty Happy
10000162,Pretty Happy
10000165,Pretty Happy
10000181,Pretty Happy
10000187,Pretty Happy
10000190,Pretty Happy
10000195,Pretty Happy
10000196,Pretty Happy
10000201,Pretty Happy
10000203,Pretty Happy
10000205,Pretty Happy
10000206,Pretty Happy
10000209,Pretty Happy
10000210,Very Happy
10000212,Pretty Happy
10000214,Not Happy
10000219,Pretty Happy
10000224,Pretty Happy
10000229,Very Happy
10000230,Pretty Happy
10000233,Pretty Happy
10000240,Pretty Happy
10000254,Pretty Happy
10000262,Very Happy
10000265,Not Happy
10000271,Pretty Happy
10000276,Pretty Happy
10000277,Pretty Happy
10000294,Pretty Happy
10000296,Not Happy
10000311,Pretty Happy
10000317,Pretty Happy
10000319,Pretty Happy
10000320,Pretty Happy
10000321,Pretty Happy
10000325,Pretty Happy
10000329,Pretty Happy
10000339,Pretty Happy
10000340,Pretty Happy
10000345,Pretty Happy
10000373,Pretty Happy
10000375,Not Happy
10000387,Pretty Happy
10000396,Pretty Happy
10000400,Pretty Happy
10000407,Pretty Happy
10000413,Pretty Happy
10000416,Not Happy
10000417,Pretty Happy
10000420,Pretty Happy
10000424,Pretty Happy
10000426,Pretty Happy
10000431,Pretty Happy
10000438,Pretty Happy
10000443,Pretty Happy
10000445,Pretty Happy
10000447,Not Happy
10000449,Not Happy
10000464,Pretty Happy
10000468,Pretty Happy
10000469,Pretty Happy
10000483,Pretty Happy
10000488,Pretty Happy
10000497,Pretty Happy
10000499,Not Happy
10000501,Pretty Happy
10000507,Very Happy
10000510,Not Happy
10000511,Pretty Happy
10000512,Not Happy
10000515,Pretty Happy
10000519,Pretty Happy
10000521,Pretty Happy
10000532,Pretty Happy
10000536,Pretty Happy
10000541,Pretty Happy
10000546,Not Happy
10000549,Not Happy
10000556,Not Happy
10000560,Not Happy
10000561,Pretty Happy
10000565,Not Happy
10000575,Pretty Happy
10000589,Pretty Happy
10000591,Pretty Happy
10000599,Not Happy
10000604,Pretty Happy
10000606,Pretty Happy
10000628,Pretty Happy
10000642,Pretty Happy
10000646,Pretty Happy
10000675,Not Happy
10000678,Pretty Happy
10000679,Not Happy
10000683,Pretty Happy
10000692,Not Happy
10000696,Pretty Happy
10000705,Pretty Happy
10000726,Pretty Happy
10000734,Pretty Happy
10000735,Pretty Happy
10000743,Pretty Happy
10000746,Pretty Happy
10000748,Not Happy
10000750,Pretty Happy
10000755,Pretty Happy
10000756,Pretty Happy
10000758,Pretty Happy
10000760,Pretty Happy
10000791,Pretty Happy
10000799,Pretty Happy
10000801,Pretty Happy
10000804,Very Happy
10000814,Pretty Happy
10000824,Pretty Happy
10000830,Pretty Happy
10000832,Not Happy
10000833,Pretty Happy
10000864,Pretty Happy
10000867,Pretty Happy
10000885,Pretty Happy
10000887,Pretty Happy
10000888,Pretty Happy
10000897,Pretty Happy
10000898,Pretty Happy
10000905,Pretty Happy
10000907,Pretty Happy
10000916,Pretty Happy
10000917,Pretty Happy
10000925,Not Happy
10000930,Pretty Happy
10000939,Pretty Happy
10000940,Pretty Happy
10000942,Pretty Happy
10000947,Pretty Happy
10000951,Pretty Happy
10000955,Pretty Happy
10000959,Pretty Happy
10000962,Pretty Happy
10000965,Pretty Happy
10000967,Pretty Happy
10000971,Pretty Happy
10000975,Pretty Happy
10000993,Pretty Happy
10000995,Pretty Happy
10000998,Pretty Happy
10001000,Pretty Happy
10001002,Pretty Happy
10001003,Pretty Happy
10001006,Pretty Happy
10001012,Not Happy
10001019,Pretty Happy
10001026,Pretty Happy
10001028,Pretty Happy
10001029,Not Happy
10001040,Pretty Happy
10001049,Pretty Happy
10001052,Pretty Happy
10001055,Pretty Happy
10001056,Pretty Happy
10001060,Pretty Happy
10001061,Pretty Happy
10001062,Pretty Happy
10001063,Pretty Happy
10001066,Not Happy
10001068,Pretty Happy
10001069,Pretty Happy
10001076,Pretty Happy
10001078,Pretty Happy
10001081,Pretty Happy
10001082,Pretty Happy
10001088,Not Happy
10001090,Pretty Happy
10001092,Pretty Happy
10001097,Pretty Happy
10001105,Pretty Happy
10001106,Pretty Happy
10001108,Pretty Happy
10001109,Not Happy
10001114,Pretty Happy
10001115,Pretty Happy
10001124,Pretty Happy
10001128,Pretty Happy
10001130,Pretty Happy
10001133,Not Happy
10001135,Pretty Happy
10001136,Pretty Happy
10001149,Not Happy
10001152,Pretty Happy
10001164,Pretty Happy
10001173,Pretty Happy
10001182,Pretty Happy
10001189,Pretty Happy
10001190,Not Happy
10001200,Pretty Happy
10001201,Pretty Happy
10001203,Not Happy
10001218,Pretty Happy
10001219,Pretty Happy
10001221,Pretty Happy
10001224,Pretty Happy
10001234,Not Happy
10001239,Pretty Happy
10001241,Pretty Happy
10001247,Not Happy
10001252,Pretty Happy
10001253,Pretty Happy
10001254,Pretty Happy
10001258,Pretty Happy
10001260,Pretty Happy
10001261,Pretty Happy
10001262,Pretty Happy
10001263,Not Happy
10001274,Pretty Happy
10001275,Pretty Happy
10001276,Pretty Happy
10001287,Very Happy
10001288,Not Happy
10001310,Pretty Happy
10001318,Pretty Happy
10001325,Pretty Happy
10001327,Pretty Happy
10001329,Pretty Happy
10001332,Pretty Happy
10001358,Pretty Happy
10001361,Pretty Happy
10001369,Pretty Happy
10001373,Pretty Happy
10001384,Pretty Happy
10001396,Pretty Happy
10001412,Pretty Happy
10001413,Pretty Happy
10001416,Pretty Happy
10001417,Pretty Happy
10001418,Not Happy
10001422,Pretty Happy
10001424,Pretty Happy
10001428,Pretty Happy
10001433,Pretty Happy
10001446,Pretty Happy
10001453,Pretty Happy
10001458,Not Happy
10001459,Pretty Happy
10001460,Pretty Happy
10001473,Pretty Happy
10001479,Pretty Happy
10001482,Pretty Happy
10001484,Pretty Happy
10001485,Pretty Happy
10001487,Pretty Happy
10001494,Pretty Happy
10001498,Pretty Happy
10001504,Pretty Happy
10001508,Very Happy
10001512,Pretty Happy
10001515,Pretty Happy
10001516,Pretty Happy
10001520,Pretty Happy
10001522,Pretty Happy
10001538,Pretty Happy
10001543,Pretty Happy
10001545,Pretty Happy
10001549,Pretty Happy
10001550,Pretty Happy
10001554,Pretty Happy
10001558,Pretty Happy
10001560,Very Happy
10001592,Very Happy
10001604,Pretty Happy
10001616,Not Happy
10001621,Pretty Happy
10001622,Pretty Happy
10001625,Pretty Happy
10001634,Pretty Happy
10001647,Pretty Happy
10001655,Pretty Happy
10001658,Pretty Happy
10001660,Pretty Happy
10001662,Very Happy
10001663,Not Happy
10001668,Pretty Happy
10001684,Pretty Happy
10001688,Pretty Happy
10001692,Pretty Happy
10001693,Pretty Happy
10001701,Pretty Happy
10001704,Pretty Happy
10001706,Pretty Happy
10001707,Not Happy
10001708,Pretty Happy
10001712,Pretty Happy
10001713,Very Happy
10001715,Pretty Happy
10001726,Pretty Happy
10001727,Pretty Happy
10001730,Pretty Happy
10001734,Pretty Happy
10001738,Pretty Happy
10001750,Pretty Happy
10001753,Pretty Happy
10001755,Very Happy
10001756,Pretty Happy
10001768,Pretty Happy
10001773,Pretty Happy
10001777,Not Happy
10001779,Pretty Happy
10001780,Very Happy
10001783,Pretty Happy
10001787,Pretty Happy
10001797,Very Happy
10001802,Pretty Happy
10001809,Pretty Happy
10001815,Pretty Happy
10001817,Pretty Happy
10001831,Pretty Happy
10001835,Not Happy
10001840,Pretty Happy
10001841,Pretty Happy
10001844,Not Happy
10001847,Pretty Happy
10001857,Pretty Happy
10001880,Pretty Happy
10001898,Pretty Happy
10001899,Pretty Happy
10001905,Very Happy
10001914,Pretty Happy
10001920,Pretty Happy
10001922,Pretty Happy
10001927,Pretty Happy
10001934,Pretty Happy
10001937,Not Happy
10001938,Pretty Happy
10001947,Pretty Happy
10001961,Pretty Happy
10001967,Pretty Happy
10001971,Pretty Happy
10001978,Pretty Happy
10001980,Pretty Happy
10001984,Pretty Happy
10001989,Pretty Happy
10001998,Pretty Happy
10002002,Pretty Happy
10002011,Very Happy
10002012,Pretty Happy
10002013,Pretty Happy
10002017,Pretty Happy
10002018,Pretty Happy
10002020,Pretty Happy
10002021,Pretty Happy
10002034,Pretty Happy
10002043,Pretty Happy
10002050,Very Happy
10002059,Pretty Happy
10002064,Pretty Happy
10002067,Pretty Happy
10002069,Pretty Happy
10002070,Pretty Happy
10002073,Pretty Happy
10002076,Very Happy
10002080,Pretty Happy
10002083,Pretty Happy
10002093,Pretty Happy
10002099,Not Happy
10002104,Pretty Happy
10002105,Pretty Happy
10002118,Pretty Happy
10002126,Pretty Happy
10002134,Pretty Happy
10002136,Not Happy
10002143,Pretty Happy
10002144,Pretty Happy
10002146,Pretty Happy
10002150,Not Happy
10002152,Pretty Happy
10002154,Pretty Happy
10002159,Pretty Happy
10002168,Pretty Happy
10002169,Pretty Happy
10002171,Pretty Happy
10002173,Pretty Happy
10002181,Pretty Happy
10002182,Pretty Happy
10002203,Pretty Happy
10002205,Pretty Happy
10002209,Pretty Happy
10002211,Pretty Happy
10002221,Pretty Happy
10002229,Pretty Happy
10002232,Not Happy
10002233,Pretty Happy
10002236,Pretty Happy
10002237,Pretty Happy
10002239,Pretty Happy
10002240,Pretty Happy
10002245,Pretty Happy
10002249,Pretty Happy
10002255,Not Happy
10002256,Pretty Happy
10002260,Pretty Happy
10002261,Pretty Happy
10002263,Pretty Happy
10002264,Pretty Happy
10002266,Pretty Happy
10002272,Pretty Happy
10002285,Pretty Happy
10002294,Pretty Happy
10002295,Pretty Happy
10002296,Very Happy
10002297,Pretty Happy
10002304,Not Happy
10002306,Pretty Happy
10002310,Pretty Happy
10002325,Pretty Happy
10002332,Pretty Happy
10002334,Pretty Happy
10002335,Pretty Happy
10002344,Pretty Happy
10002345,Pretty Happy
10002346,Pretty Happy
10002354,Not Happy
10002357,Pretty Happy
10002358,Pretty Happy
10002369,Pretty Happy
10002370,Very Happy
10002376,Pretty Happy
10002378,Pretty Happy
10002381,Pretty Happy
10002382,Very Happy
10002383,Very Happy
10002384,Pretty Happy
10002392,Pretty Happy
10002394,Pretty Happy
10002395,Pretty Happy
10002396,Pretty Happy
10002401,Not Happy
10002402,Pretty Happy
10002411,Pretty Happy
10002412,Pretty Happy
10002418,Pretty Happy
10002419,Pretty Happy
10002420,Pretty Happy
10002423,Pretty Happy
10002427,Not Happy
10002430,Not Happy
10002441,Pretty Happy
10002451,Pretty Happy
10002456,Pretty Happy
10002457,Not Happy
10002460,Pretty Happy
10002461,Pretty Happy
10002465,Very Happy
10002466,Not Happy
10002468,Pretty Happy
10002469,Pretty Happy
10002470,Pretty Happy
10002472,Pretty Happy
10002474,Pretty Happy
10002476,Pretty Happy
10002477,Not Happy
10002480,Pretty Happy
10002488,Not Happy
10002492,Pretty Happy
10002493,Not Happy
10002497,Pretty Happy
10002508,Pretty Happy
10002509,Pretty Happy
10002522,Pretty Happy
10002524,Pretty Happy
10002526,Pretty Happy
10002531,Pretty Happy
10002533,Pretty Happy
10002535,Pretty Happy
10002538,Not Happy
10002543,Pretty Happy
10002545,Pretty Happy
10002551,Pretty Happy
10002555,Pretty Happy
10002564,Pretty Happy
10002570,Very Happy
10002571,Not Happy
10002575,Pretty Happy
10002579,Pretty Happy
10002585,Pretty Happy
10002594,Pretty Happy
10002626,Pretty Happy
10002630,Pretty Happy
10002633,Pretty Happy
10002646,Pretty Happy
10002648,Very Happy
10002650,Not Happy
10002654,Pretty Happy
10002670,Pretty Happy
10002679,Pretty Happy
10002687,Pretty Happy
10002688,Not Happy
10002704,Pretty Happy
10002711,Pretty Happy
10002712,Pretty Happy
10002720,Not Happy
10002733,Pretty Happy
10002734,Pretty Happy
10002737,Not Happy
10002740,Not Happy
10002749,Pretty Happy
10002751,Pretty Happy
10002766,Pretty Happy
10002769,Pretty Happy
10002772,Pretty Happy
10002787,Pretty Happy
10002789,Very Happy
10002797,Pretty Happy
10002803,Pretty Happy
10002806,Pretty Happy
10002808,Pretty Happy
10002813,Pretty Happy
10002816,Pretty Happy
10002817,Pretty Happy
10002818,Pretty Happy
10002820,Pretty Happy
10002828,Pretty Happy
10002831,Pretty Happy
10002833,Pretty Happy
10002834,Pretty Happy
10002836,Not Happy
10002839,Pretty Happy
10002848,Pretty Happy
10002855,Pretty Happy
10002864,Pretty Happy
10002868,Pretty Happy
10002874,Not Happy
10002875,Pretty Happy
10002882,Pretty Happy
10002886,Pretty Happy
10002899,Pretty Happy
10002901,Pretty Happy
10002908,Not Happy
10002935,Pretty Happy
10002948,Very Happy
10002949,Very Happy
10002952,Pretty Happy
10002953,Pretty Happy
10002959,Pretty Happy
10002964,Pretty Happy
10002971,Pretty Happy
10002978,Pretty Happy
10002982,Pretty Happy
10002993,Pretty Happy
10002996,Pretty Happy
10003012,Not Happy
10003015,Pretty Happy
10003019,Pretty Happy
10003027,Pretty Happy
10003030,Pretty Happy
10003031,Not Happy
10003034,Pretty Happy
10003048,Pretty Happy
10003055,Pretty Happy
10003056,Pretty Happy
10003063,Pretty Happy
10003072,Pretty Happy
10003073,Pretty Happy
10003099,Pretty Happy
10003104,Pretty Happy
10003105,Pretty Happy
10003114,Pretty Happy
10003116,Pretty Happy
10003117,Pretty Happy
10003119,Pretty Happy
10003124,Pretty Happy
10003127,Pretty Happy
10003136,Pretty Happy
10003147,Pretty Happy
10003149,Pretty Happy
10003156,Pretty Happy
10003167,Pretty Happy
10003169,Pretty Happy
10003172,Pretty Happy
10003174,Pretty Happy
10003176,Pretty Happy
10003179,Pretty Happy
10003187,Very Happy
10003188,Pretty Happy
10003198,Pretty Happy
10003210,Not Happy
10003218,Not Happy
10003228,Pretty Happy
10003233,Pretty Happy
10003234,Pretty Happy
10003235,Pretty Happy
10003238,Pretty Happy
10003250,Pretty Happy
10003253,Not Happy
10003256,Not Happy
10003259,Pretty Happy
10003263,Not Happy
10003264,Pretty Happy
10003265,Pretty Happy
10003268,Pretty Happy
10003282,Very Happy
10003283,Pretty Happy
10003287,Pretty Happy
10003295,Pretty Happy
10003298,Pretty Happy
10003306,Pretty Happy
10003315,Not Happy
10003317,Pretty Happy
10003331,Pretty Happy
10003343,Pretty Happy
10003344,Pretty Happy
10003348,Not Happy
10003350,Pretty Happy
10003354,Pretty Happy
10003370,Pretty Happy
10003371,Not Happy
10003378,Pretty Happy
10003380,Pretty Happy
10003381,Pretty Happy
10003383,Pretty Happy
10003384,Pretty Happy
10003386,Pretty Happy
10003389,Not Happy
10003395,Pretty Happy
10003398,Pretty Happy
10003403,Not Happy
10003405,Pretty Happy
10003426,Pretty Happy
10003429,Not Happy
10003432,Pretty Happy
10003447,Pretty Happy
10003448,Not Happy
10003452,Not Happy
10003457,Pretty Happy
10003480,Pretty Happy
10003484,Pretty Happy
10003493,Very Happy
10003495,Pretty Happy
10003499,Not Happy
10003504,Pretty Happy
10003510,Pretty Happy
10003512,Pretty Happy
10003515,Pretty Happy
10003516,Pretty Happy
10003520,Pretty Happy
10003525,Pretty Happy
10003530,Pretty Happy
10003536,Pretty Happy
10003538,Not Happy
10003556,Pretty Happy
10003558,Pretty Happy
10003566,Pretty Happy
10003567,Pretty Happy
10003568,Pretty Happy
10003573,Pretty Happy
10003581,Pretty Happy
10003585,Pretty Happy
10003587,Pretty Happy
10003590,Not Happy
10003594,Not Happy
10003596,Pretty Happy
10003598,Not Happy
10003617,Pretty Happy
10003631,Pretty Happy
10003633,Pretty Happy
10003636,Pretty Happy
10003644,Pretty Happy
10003647,Pretty Happy
10003651,Pretty Happy
10003654,Pretty Happy
10003662,Pretty Happy
10003663,Very Happy
10003681,Pretty Happy
10003686,Pretty Happy
10003688,Pretty Happy
10003696,Pretty Happy
10003698,Pretty Happy
10003705,Pretty Happy
10003711,Pretty Happy
10003736,Pretty Happy
10003743,Pretty Happy
10003747,Not Happy
10003750,Pretty Happy
10003755,Pretty Happy
10003759,Pretty Happy
10003761,Pretty Happy
10003763,Pretty Happy
10003764,Pretty Happy
10003774,Pretty Happy
10003778,Pretty Happy
10003788,Pretty Happy
10003789,Pretty Happy
10003791,Pretty Happy
10003800,Not Happy
10003803,Pretty Happy
10003806,Pretty Happy
10003808,Pretty Happy
10003814,Pretty Happy
10003815,Pretty Happy
10003818,Pretty Happy
10003823,Pretty Happy
10003833,Pretty Happy
10003843,Very Happy
10003850,Pretty Happy
10003856,Pretty Happy
10003860,Very Happy
10003863,Pretty Happy
10003866,Very Happy
10003867,Pretty Happy
10003869,Pretty Happy
10003881,Pretty Happy
10003884,Pretty Happy
10003891,Not Happy
10003892,Not Happy
10003902,Pretty Happy
10003909,Pretty Happy
10003910,Pretty Happy
10003915,Pretty Happy
10003916,Pretty Happy
10003920,Pretty Happy
10003922,Pretty Happy
10003925,Pretty Happy
10003929,Pretty Happy
10003931,Pretty Happy
10003939,Pretty Happy
10003958,Pretty Happy
10003961,Pretty Happy
10003968,Not Happy
10003976,Pretty Happy
10003983,Pretty Happy
10003984,Pretty Happy
10003986,Pretty Happy
10003987,Pretty Happy
10003989,Pretty Happy
10004000,Pretty Happy
10004002,Pretty Happy
10004008,Pretty Happy
10004009,Very Happy
10004017,Pretty Happy
10004018,Pretty Happy
10004020,Pretty Happy
10004024,Pretty Happy
10004026,Not Happy
10004031,Pretty Happy
10004034,Pretty Happy
10004035,Pretty Happy
10004039,Pretty Happy
10004045,Pretty Happy
10004052,Pretty Happy
10004053,Pretty Happy
10004058,Pretty Happy
10004063,Pretty Happy
10004069,Pretty Happy
10004076,Pretty Happy
10004078,Pretty Happy
10004088,Not Happy
10004092,Pretty Happy
10004095,Pretty Happy
10004096,Pretty Happy
10004102,Pretty Happy
10004104,Not Happy
10004110,Pretty Happy
10004115,Very Happy
10004117,Not Happy
10004118,Pretty Happy
10004120,Not Happy
10004122,Not Happy
10004126,Pretty Happy
10004131,Pretty Happy
10004135,Pretty Happy
10004136,Pretty Happy
10004147,Pretty Happy
10004149,Pretty Happy
10004152,Pretty Happy
10004156,Pretty Happy
10004160,Pretty Happy
10004164,Pretty Happy
10004166,Pretty Happy
10004171,Pretty Happy
10004179,Pretty Happy
10004189,Pretty Happy
10004195,Pretty Happy
10004197,Pretty Happy
10004199,Pretty Happy
10004204,Pretty Happy
10004205,Pretty Happy
10004207,Not Happy
10004208,Pretty Happy
10004209,Pretty Happy
10004212,Pretty Happy
10004215,Pretty Happy
10004230,Pretty Happy
10004236,Pretty Happy
10004241,Pretty Happy
10004245,Pretty Happy
10004249,Pretty Happy
10004255,Pretty Happy
10004264,Pretty Happy
10004265,Pretty Happy
10004280,Pretty Happy
10004285,Pretty Happy
10004288,Not Happy
10004299,Pretty Happy
10004305,Pretty Happy
10004307,Not Happy
10004310,Pretty Happy
10004314,Not Happy
10004323,Pretty Happy
10004324,Pretty Happy
10004325,Pretty Happy
10004329,Pretty Happy
10004330,Pretty Happy
10004336,Pretty Happy
10004337,Pretty Happy
10004345,Pretty Happy
10004346,Pretty Happy
10004358,Pretty Happy
10004367,Pretty Happy
10004373,Pretty Happy
10004376,Pretty Happy
10004380,Pretty Happy
10004385,Pretty Happy
10004388,Pretty Happy
10004393,Pretty Happy
10004394,Pretty Happy
10004402,Very Happy
10004404,Pretty Happy
10004408,Not Happy
10004412,Not Happy
10004416,Pretty Happy
10004422,Pretty Happy
10004428,Pretty Happy
10004430,Pretty Happy
10004431,Pretty Happy
10004444,Pretty Happy
10004454,Pretty Happy
10004460,Pretty Happy
10004464,Pretty Happy
10004474,Pretty Happy
10004476,Not Happy
10004478,Pretty Happy
10004480,Pretty Happy
10004481,Pretty Happy
10004487,Pretty Happy
10004490,Pretty Happy
10004501,Pretty Happy
10004503,Pretty Happy
10004509,Pretty Happy
10004514,Pretty Happy
10004516,Pretty Happy
10004523,Pretty Happy
10004524,Pretty Happy
10004527,Pretty Happy
10004535,Pretty Happy
10004538,Pretty Happy
10004542,Pretty Happy
10004544,Pretty Happy
10004550,Pretty Happy
10004551,Pretty Happy
10004555,Pretty Happy
10004559,Pretty Happy
10004565,Very Happy
10004566,Pretty Happy
10004567,Pretty Happy
10004573,Pretty Happy
10004577,Pretty Happy
10004587,Pretty Happy
10004590,Pretty Happy
10004601,Pretty Happy
10004604,Not Happy
10004613,Pretty Happy
10004621,Pretty Happy
10004622,Pretty Happy
10004624,Pretty Happy
10004648,Very Happy
10004652,Pretty Happy
10004658,Pretty Happy
10004664,Pretty Happy
10004666,Pretty Happy
10004675,Pretty Happy
10004676,Pretty Happy
10004678,Pretty Happy
10004683,Very Happy
10004686,Not Happy
10004687,Pretty Happy
10004713,Pretty Happy
10004731,Pretty Happy
10004733,Pretty Happy
10004734,Pretty Happy
10004735,Pretty Happy
10004740,Pretty Happy
10004741,Pretty Happy
10004753,Pretty Happy
10004769,Pretty Happy
10004772,Not Happy
10004785,Pretty Happy
10004789,Pretty Happy
10004798,Pretty Happy
10004817,Pretty Happy
10004821,Not Happy
10004823,Pretty Happy
10004829,Pretty Happy
10004835,Pretty Happy
10004840,Pretty Happy
10004844,Pretty Happy
10004853,Pretty Happy
10004856,Pretty Happy
10004861,Pretty Happy
10004866,Not Happy
10004868,Pretty Happy
10004871,Pretty Happy
10004874,Pretty Happy
10004875,Pretty Happy
10004882,Not Happy
10004883,Pretty Happy
10004889,Pretty Happy
10004890,Pretty Happy
10004893,Not Happy
10004913,Not Happy
10004918,Pretty Happy
10004922,Pretty Happy
10004924,Pretty Happy
10004938,Pretty Happy
10004948,Pretty Happy
10004949,Not Happy
10004951,Pretty Happy
10004959,Not Happy
10004965,Pretty Happy
10004982,Pretty Happy
10004987,Not Happy
10004989,Pretty Happy
10004990,Not Happy
10004998,Pretty Happy
10005000,Pretty Happy
10005002,Very Happy
10005003,Pretty Happy
10005005,Very Happy
10005014,Pretty Happy
10005019,Pretty Happy
10005020,Not Happy
10005028,Pretty Happy
10005045,Pretty Happy
10005047,Pretty Happy
10005059,Not Happy
10005063,Pretty Happy
10005069,Pretty Happy
10005073,Not Happy
10005083,Pretty Happy
10005086,Pretty Happy
10005092,Pretty Happy
10005093,Pretty Happy
10005097,Pretty Happy
10005099,Pretty Happy
10005104,Pretty Happy
10005106,Very Happy
10005111,Pretty Happy
10005113,Pretty Happy
10005123,Pretty Happy
10005124,Pretty Happy
10005134,Very Happy
10005136,Pretty Happy
10005138,Pretty Happy
10005144,Not Happy
10005148,Pretty Happy
10005153,Pretty Happy
10005156,Pretty Happy
10005166,Very Happy
10005167,Not Happy
10005168,Pretty Happy
10005175,Pretty Happy
10005176,Pretty Happy
10005183,Pretty Happy
10005191,Pretty Happy
10005192,Pretty Happy
10005197,Pretty Happy
10005198,Pretty Happy
10005200,Pretty Happy
10005211,Pretty Happy
10005217,Very Happy
10005220,Pretty Happy
10005222,Pretty Happy
10005225,Pretty Happy
10005227,Pretty Happy
10005233,Pretty Happy
10005238,Pretty Happy
10005239,Very Happy
10005240,Pretty Happy
10005243,Pretty Happy
10005246,Pretty Happy
10005247,Pretty Happy
10005248,Pretty Happy
10005249,Pretty Happy
10005253,Pretty Happy
10005261,Pretty Happy
10005262,Pretty Happy
10005264,Not Happy
10005267,Pretty Happy
10005280,Very Happy
10005282,Not Happy
10005283,Not Happy
10005286,Pretty Happy
10005290,Pretty Happy
10005291,Pretty Happy
10005292,Pretty Happy
10005294,Very Happy
10005296,Pretty Happy
10005299,Pretty Happy
10005303,Pretty Happy
10005318,Pretty Happy
10005321,Pretty Happy
10005325,Pretty Happy
10005327,Pretty Happy
10005329,Pretty Happy
10005332,Pretty Happy
10005340,Pretty Happy
10005342,Very Happy
10005343,Pretty Happy
10005346,Pretty Happy
10005348,Pretty Happy
10005351,Pretty Happy
10005353,Pretty Happy
10005356,Pretty Happy
10005364,Pretty Happy
10005372,Not Happy
10005376,Pretty Happy
10005377,Pretty Happy
10005380,Pretty Happy
10005382,Pretty Happy
10005387,Pretty Happy
10005390,Pretty Happy
10005391,Pretty Happy
10005394,Pretty Happy
10005400,Very Happy
10005401,Pretty Happy
10005409,Pretty Happy
10005411,Pretty Happy
10005420,Pretty Happy
10005451,Not Happy
10005453,Pretty Happy
10005457,Pretty Happy
10005467,Pretty Happy
10005469,Pretty Happy
10005471,Very Happy
10005476,Pretty Happy
10005482,Not Happy
10005483,Pretty Happy
10005490,Pretty Happy
10005492,Very Happy
10005501,Pretty Happy
10005507,Pretty Happy
10005511,Pretty Happy
10005512,Pretty Happy
10005519,Pretty Happy
10005521,Pretty Happy
10005522,Pretty Happy
10005526,Very Happy
10005530,Pretty Happy
10005539,Pretty Happy
10005540,Pretty Happy
10005541,Pretty Happy
10005550,Pretty Happy
10005552,Pretty Happy
10005553,Pretty Happy
10005555,Not Happy
10005561,Pretty Happy
10005564,Pretty Happy
10005567,Not Happy
10005574,Pretty Happy
10005575,Not Happy
10005580,Pretty Happy
10005581,Pretty Happy
10005582,Very Happy
10005597,Pretty Happy
10005600,Pretty Happy
10005601,Pretty Happy
10005606,Pretty Happy
10005609,Pretty Happy
10005613,Pretty Happy
10005615,Pretty Happy
10005619,Pretty Happy
10005623,Pretty Happy
10005630,Pretty Happy
10005632,Pretty Happy
10005639,Pretty Happy
10005641,Pretty Happy
10005644,Not Happy
10005645,Pretty Happy
10005651,Not Happy
10005655,Pretty Happy
10005657,Pretty Happy
10005663,Pretty Happy
10005665,Pretty Happy
10005680,Very Happy
10005684,Pretty Happy
10005685,Not Happy
10005689,Pretty Happy
10005692,Pretty Happy
10005701,Pretty Happy
10005708,Not Happy
10005723,Pretty Happy
10005729,Pretty Happy
10005737,Pretty Happy
10005738,Pretty Happy
10005739,Pretty Happy
10005741,Pretty Happy
10005742,Pretty Happy
10005750,Pretty Happy
10005752,Very Happy
10005754,Pretty Happy
10005756,Pretty Happy
10005759,Pretty Happy
10005761,Pretty Happy
10005762,Pretty Happy
10005763,Pretty Happy
10005764,Very Happy
10005765,Pretty Happy
10005770,Pretty Happy
10005782,Not Happy
10005785,Pretty Happy
10005793,Pretty Happy
10005797,Pretty Happy
10005798,Pretty Happy
10005799,Very Happy
10005802,Pretty Happy
10005806,Pretty Happy
10005807,Very Happy
10005810,Pretty Happy
10005813,Pretty Happy
10005818,Pretty Happy
10005820,Pretty Happy
10005821,Pretty Happy
10005824,Pretty Happy
10005825,Pretty Happy
10005828,Pretty Happy
10005832,Pretty Happy
10005833,Very Happy
10005844,Very Happy
10005847,Pretty Happy
10005848,Pretty Happy
10005850,Pretty Happy
10005855,Pretty Happy
10005859,Not Happy
10005860,Pretty Happy
10005866,Pretty Happy
10005867,Pretty Happy
10005873,Pretty Happy
10005881,Pretty Happy
10005890,Pretty Happy
10005893,Pretty Happy
10005897,Pretty Happy
10005902,Pretty Happy
10005905,Pretty Happy
10005919,Pretty Happy
10005920,Pretty Happy
10005923,Not Happy
10005927,Pretty Happy
10005934,Pretty Happy
10005941,Pretty Happy
10005947,Pretty Happy
10005953,Pretty Happy
10005964,Not Happy
10005969,Pretty Happy
10005981,Pretty Happy
10005988,Pretty Happy
10005992,Pretty Happy
10005994,Pretty Happy
10006001,Not Happy
10006009,Not Happy
10006011,Pretty Happy
10006028,Pretty Happy
10006040,Pretty Happy
10006042,Pretty Happy
10006043,Pretty Happy
10006046,Pretty Happy
10006052,Pretty Happy
10006053,Pretty Happy
10006055,Not Happy
10006057,Pretty Happy
10006064,Pretty Happy
10006068,Not Happy
10006073,Very Happy
10006078,Pretty Happy
10006092,Not Happy
10006093,Pretty Happy
10006094,Pretty Happy
10006097,Pretty Happy
10006101,Pretty Happy
10006113,Pretty Happy
10006114,Pretty Happy
10006116,Pretty Happy
10006132,Pretty Happy
10006154,Pretty Happy
10006155,Not Happy
10006156,Pretty Happy
10006157,Pretty Happy
10006167,Pretty Happy
10006169,Pretty Happy
10006178,Not Happy
10006180,Pretty Happy
10006194,Pretty Happy
10006204,Pretty Happy
10006223,Very Happy
10006225,Pretty Happy
10006226,Pretty Happy
10006233,Pretty Happy
10006234,Pretty Happy
10006236,Not Happy
10006239,Pretty Happy
10006245,Pretty Happy
10006247,Pretty Happy
10006249,Pretty Happy
10006253,Pretty Happy
10006256,Not Happy
10006257,Pretty Happy
10006276,Very Happy
10006280,Pretty Happy
10006288,Pretty Happy
10006295,Very Happy
10006305,Not Happy
10006307,Pretty Happy
10006308,Very Happy
10006314,Very Happy
10006323,Pretty Happy
10006326,Pretty Happy
10006327,Pretty Happy
10006329,Pretty Happy
10006334,Pretty Happy
10006343,Pretty Happy
10006350,Pretty Happy
10006351,Pretty Happy
10006355,Pretty Happy
10006397,Pretty Happy
10006402,Pretty Happy
10006403,Pretty Happy
10006404,Pretty Happy
10006413,Not Happy
10006422,Pretty Happy
10006425,Pretty Happy
10006431,Pretty Happy
10006432,Pretty Happy
10006440,Pretty Happy
10006444,Not Happy
10006450,Pretty Happy
10006455,Not Happy
10006459,Pretty Happy
10006460,Pretty Happy
10006462,Pretty Happy
10006464,Pretty Happy
10006466,Not Happy
10006468,Not Happy
10006471,Pretty Happy
10006474,Very Happy
10006484,Pretty Happy
10006494,Pretty Happy
10006505,Pretty Happy
10006513,Pretty Happy
10006515,Pretty Happy
10006524,Not Happy
10006525,Pretty Happy
10006531,Not Happy
10006537,Pretty Happy
10006542,Pretty Happy
10006543,Not Happy
10006545,Pretty Happy
10006547,Pretty Happy
10006556,Pretty Happy
10006557,Pretty Happy
10006558,Pretty Happy
10006560,Not Happy
10006568,Pretty Happy
10006573,Pretty Happy
10006577,Pretty Happy
10006585,Pretty Happy
10006586,Pretty Happy
10006595,Pretty Happy
10006597,Pretty Happy
10006600,Pretty Happy
10006601,Pretty Happy
10006608,Pretty Happy
10006617,Pretty Happy
10006625,Pretty Happy
10006628,Pretty Happy
10006630,Pretty Happy
10006640,Pretty Happy
10006642,Not Happy
10006650,Pretty Happy
10006651,Pretty Happy
10006655,Pretty Happy
10006660,Pretty Happy
10006671,Pretty Happy
10006672,Pretty Happy
10006678,Pretty Happy
10006688,Pretty Happy
10006690,Pretty Happy
10006694,Pretty Happy
10006699,Very Happy
10006707,Not Happy
10006718,Very Happy
10006724,Pretty Happy
10006730,Pretty Happy
10006732,Pretty Happy
10006738,Pretty Happy
10006744,Pretty Happy
10006745,Pretty Happy
10006747,Pretty Happy
10006750,Pretty Happy
10006751,Very Happy
10006753,Very Happy
10006754,Pretty Happy
10006755,Pretty Happy
10006759,Pretty Happy
10006764,Pretty Happy
10006773,Pretty Happy
10006781,Pretty Happy
10006782,Pretty Happy
10006788,Pretty Happy
10006795,Pretty Happy
10006798,Pretty Happy
10006799,Pretty Happy
10006810,Pretty Happy
10006814,Pretty Happy
10006815,Pretty Happy
10006821,Not Happy
10006824,Pretty Happy
10006826,Pretty Happy
10006830,Not Happy
10006839,Pretty Happy
10006844,Pretty Happy
10006846,Pretty Happy
10006851,Pretty Happy
10006863,Pretty Happy
10006874,Pretty Happy
10006876,Pretty Happy
10006879,Very Happy
10006889,Pretty Happy
10006890,Pretty Happy
10006896,Pretty Happy
10006897,Pretty Happy
10006899,Pretty Happy
10006904,Pretty Happy
10006921,Pretty Happy
10006924,Pretty Happy
10006928,Pretty Happy
10006932,Very Happy
10006933,Pretty Happy
10006936,Pretty Happy
10006939,Pretty Happy
10006945,Pretty Happy
10006949,Pretty Happy
10006956,Pretty Happy
10006959,Very Happy
10006963,Pretty Happy
10006964,Pretty Happy
10006969,Pretty Happy
10006974,Pretty Happy
10006976,Pretty Happy
10006980,Pretty Happy
10006983,Pretty Happy
10006986,Pretty Happy
10007013,Pretty Happy
10007014,Very Happy
10007017,Pretty Happy
10007018,Pretty Happy
10007022,Pretty Happy
10007035,Pretty Happy
10007041,Pretty Happy
10007045,Pretty Happy
10007047,Pretty Happy
10007049,Pretty Happy
10007054,Pretty Happy
10007056,Very Happy
10007058,Pretty Happy
10007062,Pretty Happy
10007066,Pretty Happy
10007069,Pretty Happy
10007074,Not Happy
10007077,Pretty Happy
10007088,Pretty Happy
10007096,Pretty Happy
10007098,Pretty Happy
10007104,Pretty Happy
10007117,Not Happy
10007120,Pretty Happy
10007130,Pretty Happy
10007131,Pretty Happy
10007146,Pretty Happy
10007148,Pretty Happy
10007155,Pretty Happy
10007160,Pretty Happy
10007172,Not Happy
10007176,Pretty Happy
10007177,Pretty Happy
10007184,Pretty Happy
10007190,Pretty Happy
10007193,Pretty Happy
10007200,Pretty Happy
10007209,Not Happy
10007211,Not Happy
10007219,Pretty Happy
10007221,Pretty Happy
10007222,Pretty Happy
10007224,Pretty Happy
10007226,Not Happy
10007240,Pretty Happy
10007243,Pretty Happy
10007249,Pretty Happy
10007253,Pretty Happy
10007257,Pretty Happy
10007258,Pretty Happy
10007271,Pretty Happy
10007293,Pretty Happy
10007296,Pretty Happy
10007300,Pretty Happy
10007303,Pretty Happy
10007304,Pretty Happy
10007309,Pretty Happy
10007315,Very Happy
10007319,Pretty Happy
10007321,Pretty Happy
10007323,Pretty Happy
10007329,Pretty Happy
10007332,Not Happy
10007334,Not Happy
10007346,Pretty Happy
10007347,Pretty Happy
10007358,Pretty Happy
10007360,Pretty Happy
10007376,Pretty Happy
10007377,Pretty Happy
10007383,Pretty Happy
10007385,Very Happy
10007389,Pretty Happy
10007391,Pretty Happy
10007395,Pretty Happy
10007400,Pretty Happy
10007403,Pretty Happy
10007404,Pretty Happy
10007408,Pretty Happy
10007410,Pretty Happy
10007412,Pretty Happy
10007416,Pretty Happy
10007418,Pretty Happy
10007419,Pretty Happy
10007421,Not Happy
10007423,Pretty Happy
10007440,Pretty Happy
10007465,Pretty Happy
10007467,Not Happy
10007471,Pretty Happy
10007476,Pretty Happy
10007483,Pretty Happy
10007489,Pretty Happy
10007492,Very Happy
10007497,Pretty Happy
10007502,Pretty Happy
10007505,Not Happy
10007508,Pretty Happy
10007512,Pretty Happy
10007517,Pretty Happy
10007524,Pretty Happy
10007530,Pretty Happy
10007535,Very Happy
10007554,Pretty Happy
10007564,Pretty Happy
10007565,Pretty Happy
10007567,Pretty Happy
10007569,Pretty Happy
10007570,Pretty Happy
10007573,Pretty Happy
10007578,Pretty Happy
10007579,Pretty Happy
10007586,Pretty Happy
10007588,Not Happy
10007593,Pretty Happy
10007594,Not Happy
10007595,Not Happy
10007598,Pretty Happy
10007609,Pretty Happy
10007633,Pretty Happy
10007637,Pretty Happy
10007645,Not Happy
10007648,Pretty Happy
10007655,Not Happy
10007656,Pretty Happy
10007659,Pretty Happy
10007661,Pretty Happy
10007666,Pretty Happy
10007668,Not Happy
10007673,Pretty Happy
10007678,Pretty Happy
10007682,Pretty Happy
10007684,Not Happy
10007686,Pretty Happy
10007687,Pretty Happy
10007691,Very Happy
10007700,Pretty Happy
10007703,Pretty Happy
10007704,Pretty Happy
10007707,Pretty Happy
10007729,Pretty Happy
10007745,Pretty Happy
10007749,Pretty Happy
10007751,Pretty Happy
10007763,Pretty Happy
10007764,Pretty Happy
10007772,Not Happy
10007773,Pretty Happy
10007775,Pretty Happy
10007783,Pretty Happy
10007785,Pretty Happy
10007787,Pretty Happy
10007788,Pretty Happy
10007789,Not Happy
10007791,Pretty Happy
10007800,Very Happy
10007804,Pretty Happy
10007806,Not Happy
10007816,Pretty Happy
10007817,Pretty Happy
10007823,Not Happy
10007825,Pretty Happy
10007831,Not Happy
10007835,Pretty Happy
10007836,Pretty Happy
10007839,Pretty Happy
10007845,Not Happy
10007850,Pretty Happy
10007859,Very Happy
10007862,Pretty Happy
10007863,Not Happy
10007864,Pretty Happy
10007869,Pretty Happy
10007871,Very Happy
10007874,Pretty Happy
10007883,Not Happy
10007885,Not Happy
10007891,Pretty Happy
10007898,Pretty Happy
10007900,Pretty Happy
10007902,Pretty Happy
10007904,Pretty Happy
10007914,Pretty Happy
10007915,Pretty Happy
10007918,Pretty Happy
10007919,Pretty Happy
10007923,Pretty Happy
10007924,Pretty Happy
10007931,Pretty Happy
10007954,Pretty Happy
10007957,Pretty Happy
10007961,Pretty Happy
10007965,Pretty Happy
10007978,Very Happy
10007984,Very Happy
10007986,Pretty Happy
10007993,Very Happy
10007994,Not Happy
10007995,Pretty Happy
10008009,Pretty Happy
10008010,Very Happy
10008011,Very Happy
10008012,Pretty Happy
10008016,Pretty Happy
10008029,Pretty Happy
10008031,Pretty Happy
10008032,Very Happy
10008038,Pretty Happy
10008054,Pretty Happy
10008058,Pretty Happy
10008062,Not Happy
10008073,Pretty Happy
10008077,Pretty Happy
10008088,Pretty Happy
10008097,Pretty Happy
10008098,Not Happy
10008107,Very Happy
10008115,Pretty Happy
10008119,Not Happy
10008120,Pretty Happy
10008122,Pretty Happy
10008126,Pretty Happy
10008134,Pretty Happy
10008144,Pretty Happy
10008148,Very Happy
10008161,Pretty Happy
10008163,Very Happy
10008164,Pretty Happy
10008184,Very Happy
10008196,Pretty Happy
10008199,Pretty Happy
10008202,Pretty Happy
10008206,Not Happy
10008210,Very Happy
10008213,Pretty Happy
10008215,Pretty Happy
10008219,Pretty Happy
10008220,Very Happy
10008222,Very Happy
10008227,Very Happy
10008230,Pretty Happy
10008241,Pretty Happy
10008243,Pretty Happy
10008248,Pretty Happy
10008265,Pretty Happy
10008271,Not Happy
10008274,Pretty Happy
10008281,Pretty Happy
10008285,Pretty Happy
10008292,Not Happy
10008294,Pretty Happy
10008295,Pretty Happy
10008300,Pretty Happy
10008303,Pretty Happy
10008306,Pretty Happy
10008309,Pretty Happy
10008313,Pretty Happy
10008319,Not Happy
10008339,Pretty Happy
10008341,Pretty Happy
10008349,Pretty Happy
10008350,Pretty Happy
10008360,Pretty Happy
10008368,Pretty Happy
10008372,Pretty Happy
10008375,Very Happy
10008377,Pretty Happy
10008378,Pretty Happy
10008389,Very Happy
10008396,Pretty Happy
10008413,Pretty Happy
10008416,Very Happy
10008418,Very Happy
10008432,Pretty Happy
10008434,Pretty Happy
10008435,Very Happy
10008438,Pretty Happy
10008442,Not Happy
10008446,Pretty Happy
10008450,Very Happy
10008457,Pretty Happy
10008466,Pretty Happy
10008468,Pretty Happy
10008470,Pretty Happy
10008472,Pretty Happy
10008503,Pretty Happy
10008504,Pretty Happy
10008505,Pretty Happy
10008512,Pretty Happy
10008531,Pretty Happy
10008532,Pretty Happy
10008533,Not Happy
10008536,Pretty Happy
10008539,Pretty Happy
10008546,Pretty Happy
10008554,Pretty Happy
10008558,Not Happy
10008560,Very Happy
10008563,Pretty Happy
10008577,Pretty Happy
10008584,Very Happy
10008586,Not Happy
10008596,Very Happy
10008598,Not Happy
10008600,Pretty Happy
10008607,Pretty Happy
10008608,Pretty Happy
10008609,Very Happy
10008615,Pretty Happy
10008618,Very Happy
10008622,Pretty Happy
10008627,Pretty Happy
10008628,Pretty Happy
10008638,Pretty Happy
10008640,Pretty Happy
10008647,Pretty Happy
10008649,Pretty Happy
10008658,Pretty Happy
10008664,Pretty Happy
10008666,Pretty Happy
10008672,Pretty Happy
10008673,Pretty Happy
10008674,Pretty Happy
10008689,Pretty Happy
10008691,Very Happy
10008692,Very Happy
10008697,Not Happy
10008698,Pretty Happy
10008701,Very Happy
10008702,Pretty Happy
10008704,Pretty Happy
10008705,Pretty Happy
10008706,Pretty Happy
10008709,Pretty Happy
10008723,Pretty Happy
10008727,Pretty Happy
10008732,Pretty Happy
10008737,Pretty Happy
10008740,Pretty Happy
10008747,Not Happy
10008753,Pretty Happy
10008755,Pretty Happy
10008762,Pretty Happy
10008764,Pretty Happy
10008768,Pretty Happy
10008771,Pretty Happy
10008774,Pretty Happy
10008775,Pretty Happy
10008781,Pretty Happy
10008785,Not Happy
10008794,Pretty Happy
10008805,Pretty Happy
10008813,Pretty Happy
10008816,Pretty Happy
10008820,Pretty Happy
10008833,Pretty Happy
10008838,Pretty Happy
10008840,Not Happy
10008845,Pretty Happy
10008846,Pretty Happy
10008847,Pretty Happy
10008864,Not Happy
10008865,Very Happy
10008875,Pretty Happy
10008877,Not Happy
10008884,Pretty Happy
10008889,Pretty Happy
10008893,Pretty Happy
10008896,Pretty Happy
10008897,Pretty Happy
10008899,Pretty Happy
10008911,Pretty Happy
10008915,Pretty Happy
10008923,Pretty Happy
10008937,Pretty Happy
10008939,Pretty Happy
10008942,Pretty Happy
10008948,Pretty Happy
10008956,Pretty Happy
10008962,Pretty Happy
10008965,Not Happy
10008973,Pretty Happy
10008977,Pretty Happy
10008981,Not Happy
10008984,Very Happy
10008986,Pretty Happy
10008988,Pretty Happy
10008989,Pretty Happy
10008991,Pretty Happy
10008998,Pretty Happy
10009000,Pretty Happy
10009002,Pretty Happy
10009009,Pretty Happy
10009012,Pretty Happy
10009015,Pretty Happy
10009019,Pretty Happy
10009021,Pretty Happy
10009022,Pretty Happy
10009025,Pretty Happy
10009026,Pretty Happy
10009027,Pretty Happy
10009028,Pretty Happy
10009034,Pretty Happy
10009042,Not Happy
10009045,Pretty Happy
10009048,Pretty Happy
10009050,Pretty Happy
10009054,Not Happy
10009065,Pretty Happy
10009067,Pretty Happy
10009073,Not Happy
10009084,Pretty Happy
10009089,Pretty Happy
10009096,Pretty Happy
10009097,Pretty Happy
10009099,Not Happy
10009103,Pretty Happy
10009106,Pretty Happy
10009110,Pretty Happy
10009114,Pretty Happy
10009126,Pretty Happy
10009130,Pretty Happy
10009133,Pretty Happy
10009135,Pretty Happy
10009141,Pretty Happy
10009143,Pretty Happy
10009153,Pretty Happy
10009157,Pretty Happy
10009161,Pretty Happy
10009162,Pretty Happy
10009170,Pretty Happy
10009173,Pretty Happy
10009177,Pretty Happy
10009183,Pretty Happy
10009184,Pretty Happy
10009194,Very Happy
10009197,Pretty Happy
10009199,Pretty Happy
10009205,Pretty Happy
10009210,Pretty Happy
10009214,Pretty Happy
10009218,Pretty Happy
10009222,Pretty Happy
10009223,Pretty Happy
10009227,Pretty Happy
10009234,Very Happy
10009238,Very Happy
10009253,Pretty Happy
10009259,Pretty Happy
10009261,Pretty Happy
10009268,Very Happy
10009271,Pretty Happy
10009275,Very Happy
10009286,Pretty Happy
10009290,Pretty Happy
10009297,Pretty Happy
10009298,Pretty Happy
10009304,Not Happy
10009308,Pretty Happy
10009311,Pretty Happy
10009316,Pretty Happy
10009318,Pretty Happy
10009319,Pretty Happy
10009328,Pretty Happy
10009330,Pretty Happy
10009336,Very Happy
10009340,Pretty Happy
10009345,Pretty Happy
10009350,Pretty Happy
10009351,Pretty Happy
10009382,Pretty Happy
10009388,Not Happy
10009397,Pretty Happy
10009398,Pretty Happy
10009399,Pretty Happy
10009408,Pretty Happy
10009409,Pretty Happy
10009413,Pretty Happy
10009415,Pretty Happy
10009416,Pretty Happy
10009424,Pretty Happy
10009434,Pretty Happy
10009446,Pretty Happy
10009450,Pretty Happy
10009458,Very Happy
10009465,Not Happy
10009469,Pretty Happy
10009473,Pretty Happy
10009477,Pretty Happy
10009485,Pretty Happy
10009488,Pretty Happy
10009490,Pretty Happy
10009495,Pretty Happy
10009503,Pretty Happy
10009511,Pretty Happy
10009515,Not Happy
10009527,Pretty Happy
10009530,Pretty Happy
10009531,Pretty Happy
10009535,Pretty Happy
10009542,Pretty Happy
10009545,Very Happy
10009549,Pretty Happy
10009558,Pretty Happy
10009562,Pretty Happy
10009568,Pretty Happy
10009570,Pretty Happy
10009573,Not Happy
10009576,Pretty Happy
10009577,Pretty Happy
10009578,Pretty Happy
10009584,Pretty Happy
10009587,Not Happy
10009592,Pretty Happy
10009593,Pretty Happy
10009615,Pretty Happy
10009619,Not Happy
10009624,Pretty Happy
10009645,Pretty Happy
10009648,Pretty Happy
10009651,Pretty Happy
10009668,Pretty Happy
10009671,Pretty Happy
10009681,Pretty Happy
10009688,Pretty Happy
10009690,Pretty Happy
10009691,Pretty Happy
10009693,Pretty Happy
10009694,Pretty Happy
10009699,Pretty Happy
10009703,Pretty Happy
10009708,Pretty Happy
10009709,Pretty Happy
10009713,Pretty Happy
10009718,Pretty Happy
10009724,Pretty Happy
10009727,Pretty Happy
10009729,Pretty Happy
10009732,Pretty Happy
10009747,Pretty Happy
10009762,Pretty Happy
10009765,Pretty Happy
10009776,Pretty Happy
10009779,Very Happy
10009782,Pretty Happy
10009792,Pretty Happy
10009793,Pretty Happy
10009795,Pretty Happy
10009799,Pretty Happy
10009801,Pretty Happy
10009802,Pretty Happy
10009812,Pretty Happy
10009821,Not Happy
10009822,Pretty Happy
10009830,Pretty Happy
10009843,Pretty Happy
10009845,Pretty Happy
10009846,Pretty Happy
10009850,Pretty Happy
10009863,Pretty Happy
10009865,Pretty Happy
10009870,Pretty Happy
10009877,Pretty Happy
10009887,Pretty Happy
10009889,Pretty Happy
10009891,Pretty Happy
10009896,Not Happy
10009900,Pretty Happy
10009902,Pretty Happy
10009906,Pretty Happy
10009907,Pretty Happy
10009911,Not Happy
10009914,Pretty Happy
10009916,Not Happy
10009920,Pretty Happy
10009927,Pretty Happy
10009933,Pretty Happy
10009934,Very Happy
10009938,Pretty Happy
10009941,Pretty Happy
10009952,Pretty Happy
10009954,Not Happy
10009961,Pretty Happy
10009965,Pretty Happy
10009971,Pretty Happy
10009975,Pretty Happy
10009979,Pretty Happy
10009981,Pretty Happy
10009984,Not Happy
10009986,Pretty Happy
10009987,Very Happy
10009993,Pretty Happy
10009998,Pretty Happy
10010001,Pretty Happy
10010002,Pretty Happy
10010014,Pretty Happy
10010018,Pretty Happy
10010027,Pretty Happy
10010028,Very Happy
10010030,Pretty Happy
10010036,Very Happy
10010039,Pretty Happy
10010045,Pretty Happy
10010049,Pretty Happy
10010051,Pretty Happy
10010059,Pretty Happy
10010063,Very Happy
10010069,Not Happy
10010075,Pretty Happy
10010079,Pretty Happy
10010081,Not Happy
10010084,Pretty Happy
10010087,Pretty Happy
10010088,Pretty Happy
10010093,Not Happy
10010097,Pretty Happy
10010105,Pretty Happy
10010124,Pretty Happy
10010128,Pretty Happy
10010136,Pretty Happy
10010141,Pretty Happy
10010148,Pretty Happy
10010149,Pretty Happy
10010153,Very Happy
10010159,Pretty Happy
10010169,Very Happy
10010182,Pretty Happy
10010185,Pretty Happy
10010186,Pretty Happy
10010187,Pretty Happy
10010191,Pretty Happy
10010192,Pretty Happy
10010195,Very Happy
10010198,Pretty Happy
10010199,Pretty Happy
10010201,Pretty Happy
10010204,Pretty Happy
10010209,Pretty Happy
10010210,Pretty Happy
10010215,Pretty Happy
10010216,Not Happy
10010220,Pretty Happy
10010222,Pretty Happy
10010228,Pretty Happy
10010229,Pretty Happy
10010237,Pretty Happy
10010241,Pretty Happy
10010260,Pretty Happy
10010261,Not Happy
10010271,Not Happy
10010272,Pretty Happy
10010275,Pretty Happy
10010276,Pretty Happy
10010279,Pretty Happy
10010282,Very Happy
10010289,Pretty Happy
10010297,Pretty Happy
10010304,Pretty Happy
10010309,Pretty Happy
10010317,Not Happy
10010318,Pretty Happy
10010329,Pretty Happy
10010332,Pretty Happy
10010335,Pretty Happy
10010342,Not Happy
10010345,Pretty Happy
10010353,Not Happy
10010363,Very Happy
10010372,Pretty Happy
10010373,Pretty Happy
10010379,Pretty Happy
10010381,Not Happy
10010384,Pretty Happy
10010391,Pretty Happy
10010397,Pretty Happy
10010398,Pretty Happy
10010406,Pretty Happy
10010422,Pretty Happy
10010441,Pretty Happy
10010446,Pretty Happy
10010448,Pretty Happy
10010449,Pretty Happy
10010453,Pretty Happy
10010454,Pretty Happy
10010455,Pretty Happy
10010464,Pretty Happy
10010482,Pretty Happy
10010495,Pretty Happy
10010496,Not Happy
10010497,Pretty Happy
10010498,Pretty Happy
10010504,Pretty Happy
10010512,Pretty Happy
10010513,Pretty Happy
10010516,Very Happy
10010520,Pretty Happy
10010522,Pretty Happy
10010535,Pretty Happy
10010537,Pretty Happy
10010539,Pretty Happy
10010544,Pretty Happy
10010545,Pretty Happy
10010549,Not Happy
10010550,Pretty Happy
10010556,Pretty Happy
10010560,Pretty Happy
10010564,Pretty Happy
10010569,Pretty Happy
10010571,Pretty Happy
10010572,Not Happy
10010574,Very Happy
10010578,Pretty Happy
10010598,Pretty Happy
10010600,Pretty Happy
10010604,Pretty Happy
10010609,Pretty Happy
10010611,Very Happy
10010618,Not Happy
10010620,Pretty Happy
10010623,Pretty Happy
10010634,Pretty Happy
10010635,Very Happy
10010637,Pretty Happy
10010652,Pretty Happy
10010655,Pretty Happy
10010660,Pretty Happy
10010663,Pretty Happy
10010665,Pretty Happy
10010670,Pretty Happy
10010676,Pretty Happy
10010684,Pretty Happy
10010692,Pretty Happy
10010693,Pretty Happy
10010694,Pretty Happy
10010698,Pretty Happy
10010701,Pretty Happy
10010702,Pretty Happy
10010706,Pretty Happy
10010708,Pretty Happy
10010719,Pretty Happy
10010728,Pretty Happy
10010737,Pretty Happy
10010749,Pretty Happy
10010752,Pretty Happy
10010753,Pretty Happy
10010755,Pretty Happy
10010756,Pretty Happy
10010758,Pretty Happy
10010762,Pretty Happy
10010764,Pretty Happy
10010767,Pretty Happy
10010776,Pretty Happy
10010786,Pretty Happy
10010788,Pretty Happy
10010793,Very Happy
10010802,Pretty Happy
10010810,Pretty Happy
10010826,Pretty Happy
10010830,Pretty Happy
10010836,Pretty Happy
10010837,Pretty Happy
10010844,Pretty Happy
10010848,Pretty Happy
10010849,Pretty Happy
10010851,Not Happy
10010855,Not Happy
10010857,Pretty Happy
10010859,Pretty Happy
10010876,Pretty Happy
10010878,Pretty Happy
10010892,Very Happy
10010896,Pretty Happy
10010898,Very Happy
10010900,Pretty Happy
10010901,Pretty Happy
10010903,Pretty Happy
10010913,Pretty Happy
10010916,Pretty Happy
10010922,Pretty Happy
10010923,Pretty Happy
10010930,Pretty Happy
10010940,Very Happy
10010942,Pretty Happy
10010945,Very Happy
10010952,Very Happy
10010954,Very Happy
10010962,Pretty Happy
10010963,Pretty Happy
10010964,Very Happy
10010979,Pretty Happy
10010988,Pretty Happy
10010998,Very Happy
10011004,Pretty Happy
10011008,Pretty Happy
10011021,Pretty Happy
10011028,Very Happy
10011029,Pretty Happy
10011035,Pretty Happy
10011037,Pretty Happy
10011043,Pretty Happy
10011046,Pretty Happy
10011062,Pretty Happy
10011068,Pretty Happy
10011071,Pretty Happy
10011072,Pretty Happy
10011074,Not Happy
10011079,Pretty Happy
10011080,Pretty Happy
10011084,Pretty Happy
10011094,Very Happy
10011102,Pretty Happy
10011117,Pretty Happy
10011121,Very Happy
10011126,Pretty Happy
10011136,Very Happy
10011137,Pretty Happy
10011139,Not Happy
10011149,Pretty Happy
10011150,Pretty Happy
10011172,Pretty Happy
10011176,Very Happy
10011177,Pretty Happy
10011181,Pretty Happy
10011183,Pretty Happy
10011185,Very Happy
10011186,Pretty Happy
10011187,Pretty Happy
10011189,Pretty Happy
10011194,Pretty Happy
10011195,Pretty Happy
10011206,Pretty Happy
10011208,Pretty Happy
10011210,Pretty Happy
10011214,Pretty Happy
10011217,Pretty Happy
10011223,Not Happy
10011225,Not Happy
10011235,Pretty Happy
10011236,Pretty Happy
10011238,Pretty Happy
10011239,Pretty Happy
10011243,Pretty Happy
10011245,Pretty Happy
10011247,Pretty Happy
10011249,Pretty Happy
10011253,Not Happy
10011255,Pretty Happy
10011256,Pretty Happy
10011265,Pretty Happy
10011267,Pretty Happy
10011280,Pretty Happy
10011284,Not Happy
10011286,Pretty Happy
10011295,Pretty Happy
10011296,Pretty Happy
10011304,Pretty Happy
10011309,Pretty Happy
10011317,Pretty Happy
10011323,Pretty Happy
10011332,Pretty Happy
10011335,Pretty Happy
10011337,Pretty Happy
10011342,Pretty Happy
10011344,Pretty Happy
10011346,Pretty Happy
10011360,Pretty Happy
10011363,Pretty Happy
10011372,Pretty Happy
10011373,Very Happy
10011377,Pretty Happy
10011388,Pretty Happy
10011390,Pretty Happy
10011392,Not Happy
10011396,Not Happy
10011399,Pretty Happy
10011403,Pretty Happy
10011408,Pretty Happy
10011413,Pretty Happy
10011417,Pretty Happy
10011419,Pretty Happy
10011425,Pretty Happy
10011426,Pretty Happy
10011432,Pretty Happy
10011439,Pretty Happy
10011442,Pretty Happy
10011443,Pretty Happy
10011458,Not Happy
10011461,Pretty Happy
10011468,Not Happy
10011471,Pretty Happy
10011474,Not Happy
10011481,Pretty Happy
10011494,Not Happy
10011496,Pretty Happy
10011507,Pretty Happy
10011511,Pretty Happy
10011519,Pretty Happy
10011529,Not Happy
10011538,Pretty Happy
10011542,Pretty Happy
10011544,Very Happy
10011546,Pretty Happy
10011549,Pretty Happy
10011553,Pretty Happy
10011555,Not Happy
10011557,Pretty Happy
10011559,Not Happy
10011560,Not Happy
10011564,Pretty Happy
10011572,Pretty Happy
10011582,Pretty Happy
10011597,Pretty Happy
10011599,Pretty Happy
10011600,Not Happy
10011609,Pretty Happy
10011614,Very Happy
10011617,Pretty Happy
10011618,Pretty Happy
10011620,Not Happy
10011625,Not Happy
10011630,Not Happy
10011633,Pretty Happy
10011636,Pretty Happy
10011640,Pretty Happy
10011643,Pretty Happy
10011645,Pretty Happy
10011649,Very Happy
10011659,Not Happy
10011662,Not Happy
10011667,Pretty Happy
10011669,Pretty Happy
10011676,Very Happy
10011682,Pretty Happy
10011685,Pretty Happy
10011686,Pretty Happy
10011692,Pretty Happy
10011700,Pretty Happy
10011701,Pretty Happy
10011702,Pretty Happy
10011706,Pretty Happy
10011707,Pretty Happy
10011709,Pretty Happy
10011715,Very Happy
10011738,Pretty Happy
10011739,Very Happy
10011744,Pretty Happy
10011747,Pretty Happy
10011758,Pretty Happy
10011760,Not Happy
10011762,Pretty Happy
10011764,Not Happy
10011766,Not Happy
10011771,Pretty Happy
10011772,Pretty Happy
10011774,Pretty Happy
10011779,Pretty Happy
10011783,Pretty Happy
10011787,Not Happy
10011797,Pretty Happy
10011802,Pretty Happy
10011804,Pretty Happy
10011805,Pretty Happy
10011808,Pretty Happy
10011811,Not Happy
10011819,Pretty Happy
10011829,Pretty Happy
10011831,Not Happy
10011833,Not Happy
10011837,Pretty Happy
10011840,Pretty Happy
10011849,Pretty Happy
10011851,Not Happy
10011858,Pretty Happy
10011864,Pretty Happy
10011865,Pretty Happy
10011866,Not Happy
10011873,Very Happy
10011889,Pretty Happy
10011890,Pretty Happy
10011894,Not Happy
10011902,Not Happy
10011904,Pretty Happy
10011908,Pretty Happy
10011911,Pretty Happy
10011925,Pretty Happy
10011936,Pretty Happy
10011938,Pretty Happy
10011942,Pretty Happy
10011947,Pretty Happy
10011960,Pretty Happy
10011965,Pretty Happy
10011966,Pretty Happy
10011971,Pretty Happy
10011973,Pretty Happy
10011975,Pretty Happy
10011979,Pretty Happy
10011982,Pretty Happy
10011984,Pretty Happy
10011985,Pretty Happy
10011987,Pretty Happy
10011988,Pretty Happy
10011989,Pretty Happy
10011996,Pretty Happy
10012000,Pretty Happy
10012003,Pretty Happy
10012004,Not Happy
10012013,Pretty Happy
10012018,Pretty Happy
10012022,Pretty Happy
10012027,Pretty Happy
10012041,Pretty Happy
10012043,Pretty Happy
10012045,Pretty Happy
10012050,Pretty Happy
10012052,Pretty Happy
10012066,Pretty Happy
10012070,Pretty Happy
10012084,Pretty Happy
10012087,Pretty Happy
10012093,Pretty Happy
10012100,Pretty Happy
10012104,Pretty Happy
10012105,Not Happy
10012128,Pretty Happy
10012133,Pretty Happy
10012160,Pretty Happy
10012162,Pretty Happy
10012164,Pretty Happy
10012172,Not Happy
10012173,Pretty Happy
10012174,Pretty Happy
10012175,Pretty Happy
10012185,Pretty Happy
10012192,Pretty Happy
10012193,Pretty Happy
10012196,Pretty Happy
10012197,Pretty Happy
10012200,Pretty Happy
10012208,Pretty Happy
10012217,Pretty Happy
10012220,Pretty Happy
10012222,Pretty Happy
10012223,Pretty Happy
10012226,Pretty Happy
10012231,Pretty Happy
10012236,Pretty Happy
10012239,Pretty Happy
10012242,Pretty Happy
10012244,Pretty Happy
10012247,Pretty Happy
10012248,Pretty Happy
10012249,Pretty Happy
10012252,Very Happy
10012255,Pretty Happy
10012263,Pretty Happy
10012266,Pretty Happy
10012273,Pretty Happy
10012276,Pretty Happy
10012281,Pretty Happy
10012293,Pretty Happy
10012299,Pretty Happy
10012320,Pretty Happy
10012321,Pretty Happy
10012322,Pretty Happy
10012337,Pretty Happy
10012344,Not Happy
10012349,Pretty Happy
10012359,Pretty Happy
10012360,Pretty Happy
10012364,Not Happy
10012371,Pretty Happy
10012377,Pretty Happy
10012380,Not Happy
10012386,Pretty Happy
10012388,Pretty Happy
10012389,Pretty Happy
10012397,Pretty Happy
10012400,Pretty Happy
10012415,Pretty Happy
10012416,Pretty Happy
10012421,Very Happy
10012424,Pretty Happy
10012425,Pretty Happy
10012429,Pretty Happy
10012439,Pretty Happy
10012440,Pretty Happy
10012448,Pretty Happy
10012462,Pretty Happy
10012464,Pretty Happy
10012473,Pretty Happy
10012478,Pretty Happy
10012479,Pretty Happy
10012488,Pretty Happy
10012494,Very Happy
10012499,Not Happy
10012505,Pretty Happy
10012506,Pretty Happy
10012509,Pretty Happy
10012521,Not Happy
10012527,Very Happy
10012533,Pretty Happy
10012534,Pretty Happy
10012538,Pretty Happy
10012539,Not Happy
10012553,Very Happy
10012556,Pretty Happy
10012566,Pretty Happy
10012574,Pretty Happy
10012578,Pretty Happy
10012579,Pretty Happy
10012581,Not Happy
10012598,Pretty Happy
10012607,Very Happy
10012616,Very Happy
10012619,Pretty Happy
10012631,Pretty Happy
10012642,Pretty Happy
10012643,Pretty Happy
10012665,Pretty Happy
10012670,Pretty Happy
10012675,Pretty Happy
10012683,Pretty Happy
10012688,Pretty Happy
10012692,Pretty Happy
10012700,Pretty Happy
10012708,Pretty Happy
10012713,Not Happy
10012714,Pretty Happy
10012715,Pretty Happy
10012716,Pretty Happy
10012717,Pretty Happy
10012721,Pretty Happy
10012725,Pretty Happy
10012729,Pretty Happy
10012730,Pretty Happy
10012744,Pretty Happy
10012748,Pretty Happy
10012754,Pretty Happy
10012755,Pretty Happy
10012762,Pretty Happy
10012765,Pretty Happy
10012776,Pretty Happy
10012777,Pretty Happy
10012779,Pretty Happy
10012780,Pretty Happy
10012782,Pretty Happy
10012788,Pretty Happy
10012789,Pretty Happy
10012796,Pretty Happy
10012806,Pretty Happy
10012811,Not Happy
10012814,Pretty Happy
10012821,Pretty Happy
10012834,Not Happy
10012848,Pretty Happy
10012857,Pretty Happy
10012863,Pretty Happy
10012869,Pretty Happy
10012870,Pretty Happy
10012872,Pretty Happy
10012875,Pretty Happy
10012876,Pretty Happy
10012881,Pretty Happy
10012883,Pretty Happy
10012889,Pretty Happy
10012895,Pretty Happy
10012896,Very Happy
10012897,Not Happy
10012899,Pretty Happy
10012901,Pretty Happy
10012905,Very Happy
10012909,Pretty Happy
10012915,Pretty Happy
10012919,Pretty Happy
10012930,Pretty Happy
10012931,Pretty Happy
10012941,Not Happy
10012943,Pretty Happy
10012949,Pretty Happy
10012957,Pretty Happy
10012959,Pretty Happy
10012960,Pretty Happy
10012966,Pretty Happy
10012968,Pretty Happy
10012974,Pretty Happy
10012981,Pretty Happy
10012990,Pretty Happy
10013001,Pretty Happy
10013010,Very Happy
10013021,Pretty Happy
10013024,Not Happy
10013027,Pretty Happy
10013032,Pretty Happy
10013036,Pretty Happy
10013048,Pretty Happy
10013049,Pretty Happy
10013053,Very Happy
10013055,Not Happy
10013059,Pretty Happy
10013063,Pretty Happy
10013066,Very Happy
10013076,Pretty Happy
10013085,Pretty Happy
10013094,Pretty Happy
10013095,Pretty Happy
10013100,Pretty Happy
10013104,Not Happy
10013106,Pretty Happy
10013112,Pretty Happy
10013122,Pretty Happy
10013154,Pretty Happy
10013163,Pretty Happy
10013166,Pretty Happy
10013167,Very Happy
10013184,Pretty Happy
10013189,Pretty Happy
10013192,Pretty Happy
10013194,Not Happy
10013196,Pretty Happy
10013198,Very Happy
10013206,Pretty Happy
10013230,Not Happy
10013238,Pretty Happy
10013246,Pretty Happy
10013247,Very Happy
10013252,Pretty Happy
10013255,Not Happy
10013260,Pretty Happy
10013263,Very Happy
10013266,Very Happy
10013270,Pretty Happy
10013280,Pretty Happy
10013282,Not Happy
10013289,Pretty Happy
10013295,Pretty Happy
10013303,Very Happy
10013306,Pretty Happy
10013307,Pretty Happy
10013313,Pretty Happy
10013318,Pretty Happy
10013319,Pretty Happy
10013320,Pretty Happy
10013326,Pretty Happy
10013332,Pretty Happy
10013339,Pretty Happy
10013340,Pretty Happy
10013356,Pretty Happy
10013365,Pretty Happy
10013366,Pretty Happy
10013370,Pretty Happy
10013373,Not Happy
10013377,Pretty Happy
10013379,Pretty Happy
10013384,Pretty Happy
10013394,Pretty Happy
10013405,Pretty Happy
10013406,Pretty Happy
10013412,Pretty Happy
10013417,Pretty Happy
10013418,Pretty Happy
10013419,Not Happy
10013420,Pretty Happy
10013425,Pretty Happy
10013431,Pretty Happy
10013439,Pretty Happy
10013441,Pretty Happy
10013455,Pretty Happy
10013460,Pretty Happy
10013463,Pretty Happy
10013465,Pretty Happy
10013472,Pretty Happy
10013475,Pretty Happy
10013481,Pretty Happy
10013488,Pretty Happy
10013498,Pretty Happy
10013509,Pretty Happy
10013516,Pretty Happy
10013520,Pretty Happy
10013527,Pretty Happy
10013532,Very Happy
10013535,Pretty Happy
10013536,Pretty Happy
10013537,Pretty Happy
10013544,Pretty Happy
10013558,Pretty Happy
10013559,Pretty Happy
10013564,Pretty Happy
10013575,Very Happy
10013576,Pretty Happy
10013581,Very Happy
10013582,Very Happy
10013592,Pretty Happy
10013596,Pretty Happy
10013599,Pretty Happy
10013601,Pretty Happy
10013608,Pretty Happy
10013612,Pretty Happy
10013613,Pretty Happy
10013617,Very Happy
10013620,Pretty Happy
10013625,Very Happy
10013626,Not Happy
10013637,Pretty Happy
10013641,Pretty Happy
10013650,Pretty Happy
10013651,Pretty Happy
10013653,Not Happy
10013657,Very Happy
10013668,Pretty Happy
10013673,Very Happy
10013677,Very Happy
10013680,Not Happy
10013697,Pretty Happy
10013698,Pretty Happy
10013704,Pretty Happy
10013706,Pretty Happy
10013715,Not Happy
10013726,Not Happy
10013727,Pretty Happy
10013729,Pretty Happy
10013746,Pretty Happy
10013751,Pretty Happy
10013755,Pretty Happy
10013761,Not Happy
10013762,Pretty Happy
10013766,Not Happy
10013768,Pretty Happy
10013772,Very Happy
10013778,Not Happy
10013779,Pretty Happy
10013782,Pretty Happy
10013786,Pretty Happy
10013792,Pretty Happy
10013794,Pretty Happy
10013796,Pretty Happy
10013799,Pretty Happy
10013800,Pretty Happy
10013801,Not Happy
10013805,Pretty Happy
10013810,Pretty Happy
10013811,Pretty Happy
10013812,Pretty Happy
10013813,Pretty Happy
10013816,Pretty Happy
10013818,Very Happy
10013819,Pretty Happy
10013834,Pretty Happy
10013841,Pretty Happy
10013844,Pretty Happy
10013850,Very Happy
10013857,Pretty Happy
10013863,Pretty Happy
10013864,Pretty Happy
10013866,Pretty Happy
10013869,Pretty Happy
10013871,Pretty Happy
10013879,Pretty Happy
10013888,Pretty Happy
10013889,Pretty Happy
10013895,Pretty Happy
10013901,Pretty Happy
10013903,Pretty Happy
10013917,Very Happy
10013926,Pretty Happy
10013929,Pretty Happy
10013935,Pretty Happy
10013945,Pretty Happy
10013946,Pretty Happy
10013951,Pretty Happy
10013955,Pretty Happy
10013957,Pretty Happy
10013964,Pretty Happy
10013965,Pretty Happy
10013969,Pretty Happy
10013973,Pretty Happy
10013974,Pretty Happy
10013975,Pretty Happy
10013983,Very Happy
10013990,Pretty Happy
10013993,Pretty Happy
10014004,Pretty Happy
10014005,Pretty Happy
10014012,Pretty Happy
10014013,Pretty Happy
10014022,Pretty Happy
10014030,Pretty Happy
10014038,Pretty Happy
10014051,Pretty Happy
10014052,Very Happy
10014057,Pretty Happy
10014064,Pretty Happy
10014068,Pretty Happy
10014071,Not Happy
10014075,Pretty Happy
10014083,Pretty Happy
10014084,Pretty Happy
10014086,Pretty Happy
10014089,Very Happy
10014090,Pretty Happy
10014091,Pretty Happy
10014096,Pretty Happy
10014100,Pretty Happy
10014104,Pretty Happy
10014113,Very Happy
10014122,Very Happy
10014126,Pretty Happy
10014128,Pretty Happy
10014129,Pretty Happy
10014136,Pretty Happy
10014139,Pretty Happy
10014140,Very Happy
10014143,Pretty Happy
10014144,Pretty Happy
10014156,Pretty Happy
10014161,Pretty Happy
10014164,Pretty Happy
10014169,Pretty Happy
10014182,Pretty Happy
10014183,Pretty Happy
10014189,Pretty Happy
10014192,Pretty Happy
10014199,Pretty Happy
10014213,Pretty Happy
10014215,Pretty Happy
10014224,Pretty Happy
10014231,Not Happy
10014237,Pretty Happy
10014245,Pretty Happy
10014251,Pretty Happy
10014258,Not Happy
10014259,Very Happy
10014264,Pretty Happy
10014268,Pretty Happy
10014269,Very Happy
10014274,Pretty Happy
10014284,Pretty Happy
10014286,Not Happy
10014289,Pretty Happy
10014293,Pretty Happy
10014294,Pretty Happy
10014296,Pretty Happy
10014297,Pretty Happy
10014299,Not Happy
10014304,Pretty Happy
10014321,Not Happy
10014322,Pretty Happy
10014332,Very Happy
10014335,Pretty Happy
10014337,Pretty Happy
10014348,Pretty Happy
10014356,Pretty Happy
10014360,Pretty Happy
10014363,Pretty Happy
10014365,Pretty Happy
10014368,Pretty Happy
10014372,Very Happy
10014381,Pretty Happy
10014382,Pretty Happy
10014384,Very Happy
10014392,Pretty Happy
10014394,Pretty Happy
10014406,Pretty Happy
10014410,Pretty Happy
10014411,Pretty Happy
10014413,Not Happy
10014414,Pretty Happy
10014416,Pretty Happy
10014424,Pretty Happy
10014425,Pretty Happy
10014428,Pretty Happy
10014431,Pretty Happy
10014440,Pretty Happy
10014442,Pretty Happy
10014447,Pretty Happy
10014454,Pretty Happy
10014474,Pretty Happy
10014476,Pretty Happy
10014477,Pretty Happy
10014485,Pretty Happy
10014487,Pretty Happy
10014492,Pretty Happy
10014496,Pretty Happy
10014498,Pretty Happy
10014524,Not Happy
10014530,Pretty Happy
10014534,Pretty Happy
10014536,Not Happy
10014546,Not Happy
10014558,Not Happy
10014559,Pretty Happy
10014563,Very Happy
10014565,Pretty Happy
10014568,Very Happy
10014580,Pretty Happy
10014584,Pretty Happy
10014595,Pretty Happy
10014597,Pretty Happy
10014602,Pretty Happy
10014603,Pretty Happy
10014607,Pretty Happy
10014608,Pretty Happy
10014611,Pretty Happy
10014617,Pretty Happy
10014618,Pretty Happy
10014622,Pretty Happy
10014624,Pretty Happy
10014625,Very Happy
10014633,Pretty Happy
10014636,Pretty Happy
10014640,Not Happy
10014645,Pretty Happy
10014648,Pretty Happy
10014658,Not Happy
10014659,Pretty Happy
10014662,Pretty Happy
10014668,Pretty Happy
10014671,Very Happy
10014675,Pretty Happy
10014676,Pretty Happy
10014686,Pretty Happy
10014696,Pretty Happy
10014701,Not Happy
10014703,Pretty Happy
10014705,Pretty Happy
10014706,Pretty Happy
10014716,Pretty Happy
10014717,Pretty Happy
10014718,Pretty Happy
10014724,Pretty Happy
10014725,Pretty Happy
10014731,Not Happy
10014735,Pretty Happy
10014737,Not Happy
10014742,Pretty Happy
10014744,Pretty Happy
10014746,Pretty Happy
10014752,Not Happy
10014758,Not Happy
10014785,Not Happy
10014788,Not Happy
10014791,Not Happy
10014796,Pretty Happy
10014805,Pretty Happy
10014813,Not Happy
10014814,Pretty Happy
10014815,Not Happy
10014821,Pretty Happy
10014830,Not Happy
10014831,Not Happy
10014835,Pretty Happy
10014849,Pretty Happy
10014863,Pretty Happy
10014868,Pretty Happy
10014881,Pretty Happy
10014883,Not Happy
10014888,Not Happy
10014890,Pretty Happy
10014892,Pretty Happy
10014893,Pretty Happy
10014896,Pretty Happy
10014898,Pretty Happy
10014902,Pretty Happy
10014903,Not Happy
10014905,Pretty Happy
10014910,Pretty Happy
10014929,Very Happy
10014948,Pretty Happy
10014950,Pretty Happy
10014953,Pretty Happy
10014959,Pretty Happy
10014964,Pretty Happy
10014979,Pretty Happy
10014985,Pretty Happy
10014992,Pretty Happy
10014994,Pretty Happy
10014997,Pretty Happy
10015000,Pretty Happy
10015006,Pretty Happy
10015008,Pretty Happy
10015009,Pretty Happy
10015013,Pretty Happy
10015021,Pretty Happy
10015024,Pretty Happy
10015032,Pretty Happy
10015037,Pretty Happy
10015053,Pretty Happy
10015055,Pretty Happy
10015058,Pretty Happy
10015068,Pretty Happy
10015070,Pretty Happy
10015072,Pretty Happy
10015075,Pretty Happy
10015077,Pretty Happy
10015079,Pretty Happy
10015090,Very Happy
10015091,Pretty Happy
10015094,Pretty Happy
10015095,Pretty Happy
10015097,Very Happy
10015103,Pretty Happy
10015105,Very Happy
10015108,Pretty Happy
10015115,Pretty Happy
10015118,Pretty Happy
10015132,Pretty Happy
10015134,Pretty Happy
10015143,Pretty Happy
10015144,Very Happy
10015146,Pretty Happy
10015150,Very Happy
10015151,Pretty Happy
10015166,Pretty Happy
10015175,Pretty Happy
10015191,Pretty Happy
10015193,Not Happy
10015199,Pretty Happy
10015204,Pretty Happy
10015212,Pretty Happy
10015217,Pretty Happy
10015222,Pretty Happy
10015228,Pretty Happy
10015235,Pretty Happy
10015242,Pretty Happy
10015245,Pretty Happy
10015246,Pretty Happy
10015251,Pretty Happy
10015252,Pretty Happy
10015259,Pretty Happy
10015261,Pretty Happy
10015270,Pretty Happy
10015280,Not Happy
10015281,Pretty Happy
10015282,Not Happy
10015285,Pretty Happy
10015292,Pretty Happy
10015302,Not Happy
10015306,Not Happy
10015307,Not Happy
10015309,Not Happy
10015310,Pretty Happy
10015315,Pretty Happy
10015324,Not Happy
10015335,Pretty Happy
10015350,Pretty Happy
10015352,Pretty Happy
10015354,Pretty Happy
10015355,Pretty Happy
10015358,Pretty Happy
10015390,Pretty Happy
10015393,Pretty Happy
10015400,Pretty Happy
10015403,Very Happy
10015404,Pretty Happy
10015410,Pretty Happy
10015411,Not Happy
10015416,Pretty Happy
10015419,Not Happy
10015432,Not Happy
10015436,Pretty Happy
10015439,Pretty Happy
10015452,Pretty Happy
10015453,Pretty Happy
10015465,Pretty Happy
10015466,Pretty Happy
10015467,Pretty Happy
10015470,Pretty Happy
10015475,Pretty Happy
10015476,Pretty Happy
10015477,Pretty Happy
10015478,Pretty Happy
10015479,Pretty Happy
10015491,Pretty Happy
10015492,Pretty Happy
10015494,Pretty Happy
10015497,Not Happy
10015499,Not Happy
10015503,Not Happy
10015507,Pretty Happy
10015509,Pretty Happy
10015510,Pretty Happy
10015512,Pretty Happy
10015513,Pretty Happy
10015516,Pretty Happy
10015520,Pretty Happy
10015521,Not Happy
10015526,Pretty Happy
10015527,Not Happy
10015531,Pretty Happy
10015534,Pretty Happy
10015535,Pretty Happy
10015537,Pretty Happy
10015542,Not Happy
10015546,Pretty Happy
10015547,Pretty Happy
10015550,Pretty Happy
10015561,Pretty Happy
10015589,Pretty Happy
10015593,Very Happy
10015595,Pretty Happy
10015597,Not Happy
10015606,Pretty Happy
10015608,Pretty Happy
10015609,Very Happy
10015611,Pretty Happy
10015619,Pretty Happy
10015626,Not Happy
10015628,Pretty Happy
10015630,Pretty Happy
10015631,Pretty Happy
10015632,Not Happy
10015633,Pretty Happy
10015640,Pretty Happy
10015642,Pretty Happy
10015644,Pretty Happy
10015654,Pretty Happy
10015680,Pretty Happy
10015699,Pretty Happy
10015711,Pretty Happy
10015713,Pretty Happy
10015715,Pretty Happy
10015716,Very Happy
10015718,Very Happy
10015722,Pretty Happy
10015733,Pretty Happy
10015736,Pretty Happy
10015740,Pretty Happy
10015741,Very Happy
10015745,Pretty Happy
10015751,Pretty Happy
10015752,Pretty Happy
10015760,Pretty Happy
10015769,Pretty Happy
10015770,Pretty Happy
10015773,Pretty Happy
10015775,Pretty Happy
10015784,Pretty Happy
10015788,Pretty Happy
10015791,Pretty Happy
10015792,Pretty Happy
10015796,Very Happy
10015799,Pretty Happy
10015810,Pretty Happy
10015816,Pretty Happy
10015826,Pretty Happy
10015828,Very Happy
10015839,Pretty Happy
10015846,Pretty Happy
10015847,Pretty Happy
10015849,Pretty Happy
10015857,Pretty Happy
10015860,Pretty Happy
10015863,Pretty Happy
10015872,Not Happy
10015886,Not Happy
10015887,Pretty Happy
10015897,Pretty Happy
10015901,Pretty Happy
10015906,Pretty Happy
10015910,Pretty Happy
10015922,Pretty Happy
10015927,Very Happy
10015934,Pretty Happy
10015939,Pretty Happy
10015944,Pretty Happy
10015946,Not Happy
10015948,Pretty Happy
10015952,Pretty Happy
10015954,Pretty Happy
10015966,Pretty Happy
10015979,Pretty Happy
10015984,Pretty Happy
10015987,Pretty Happy
10015990,Pretty Happy
10016000,Pretty Happy
10016002,Pretty Happy
10016013,Pretty Happy
10016017,Pretty Happy
10016024,Pretty Happy
10016028,Very Happy
10016031,Pretty Happy
10016037,Pretty Happy
10016042,Pretty Happy
10016043,Pretty Happy
10016049,Pretty Happy
10016054,Pretty Happy
10016055,Pretty Happy
10016056,Pretty Happy
10016057,Pretty Happy
10016064,Pretty Happy
10016071,Pretty Happy
10016079,Pretty Happy
10016082,Pretty Happy
10016094,Pretty Happy
10016105,Pretty Happy
10016110,Pretty Happy
10016122,Pretty Happy
10016129,Pretty Happy
10016134,Pretty Happy
10016135,Pretty Happy
10016136,Pretty Happy
10016138,Pretty Happy
10016146,Pretty Happy
10016157,Pretty Happy
10016163,Pretty Happy
10016176,Pretty Happy
10016177,Pretty Happy
10016181,Pretty Happy
10016186,Pretty Happy
10016188,Pretty Happy
10016196,Not Happy
10016199,Pretty Happy
10016202,Pretty Happy
10016203,Not Happy
10016238,Pretty Happy
10016244,Pretty Happy
10016247,Not Happy
10016250,Pretty Happy
10016251,Pretty Happy
10016252,Pretty Happy
10016256,Pretty Happy
10016259,Pretty Happy
10016261,Pretty Happy
10016271,Not Happy
10016274,Pretty Happy
10016280,Pretty Happy
10016281,Pretty Happy
10016292,Pretty Happy
10016293,Pretty Happy
10016294,Pretty Happy
10016295,Pretty Happy
10016296,Pretty Happy
10016300,Very Happy
10016301,Pretty Happy
10016304,Pretty Happy
10016306,Pretty Happy
10016307,Pretty Happy
10016308,Pretty Happy
10016309,Pretty Happy
10016312,Very Happy
10016314,Pretty Happy
10016316,Pretty Happy
10016334,Pretty Happy
10016342,Pretty Happy
10016346,Pretty Happy
10016349,Pretty Happy
10016350,Pretty Happy
10016360,Pretty Happy
10016362,Not Happy
10016366,Pretty Happy
10016373,Pretty Happy
10016379,Pretty Happy
10016381,Pretty Happy
10016382,Pretty Happy
10016383,Not Happy
10016388,Pretty Happy
10016391,Not Happy
10016403,Pretty Happy
10016407,Pretty Happy
10016410,Pretty Happy
10016415,Pretty Happy
10016416,Pretty Happy
10016420,Pretty Happy
10016429,Pretty Happy
10016435,Very Happy
10016438,Pretty Happy
10016443,Pretty Happy
10016447,Pretty Happy
10016449,Pretty Happy
10016453,Pretty Happy
10016456,Pretty Happy
10016462,Pretty Happy
10016464,Pretty Happy
10016465,Not Happy
10016466,Not Happy
10016496,Very Happy
10016512,Pretty Happy
10016515,Not Happy
10016534,Pretty Happy
10016535,Not Happy
10016539,Pretty Happy
10016555,Very Happy
10016556,Pretty Happy
10016567,Pretty Happy
10016569,Pretty Happy
10016570,Pretty Happy
10016577,Pretty Happy
10016583,Very Happy
10016595,Pretty Happy
10016596,Pretty Happy
10016597,Pretty Happy
10016600,Pretty Happy
10016619,Pretty Happy
10016621,Pretty Happy
10016638,Pretty Happy
10016645,Pretty Happy
10016647,Pretty Happy
10016649,Pretty Happy
10016651,Pretty Happy
10016659,Pretty Happy
10016669,Pretty Happy
10016671,Pretty Happy
10016679,Pretty Happy
10016686,Pretty Happy
10016691,Not Happy
10016701,Pretty Happy
10016705,Pretty Happy
10016711,Pretty Happy
10016713,Pretty Happy
10016725,Pretty Happy
10016728,Pretty Happy
10016729,Pretty Happy
10016731,Not Happy
10016742,Pretty Happy
10016749,Very Happy
10016754,Pretty Happy
10016764,Pretty Happy
10016768,Pretty Happy
10016771,Pretty Happy
10016787,Pretty Happy
10016789,Pretty Happy
10016793,Pretty Happy
10016798,Pretty Happy
10016802,Pretty Happy
10016806,Pretty Happy
10016808,Pretty Happy
10016815,Pretty Happy
10016816,Pretty Happy
10016825,Pretty Happy
10016832,Pretty Happy
10016838,Pretty Happy
10016839,Very Happy
10016842,Pretty Happy
10016843,Very Happy
10016849,Not Happy
10016855,Pretty Happy
10016857,Pretty Happy
10016859,Pretty Happy
10016865,Pretty Happy
10016867,Pretty Happy
10016877,Pretty Happy
10016878,Pretty Happy
10016889,Pretty Happy
10016893,Very Happy
10016895,Pretty Happy
10016902,Pretty Happy
10016908,Very Happy
10016909,Pretty Happy
10016914,Pretty Happy
10016916,Pretty Happy
10016918,Pretty Happy
10016924,Pretty Happy
10016934,Pretty Happy
10016940,Pretty Happy
10016949,Pretty Happy
10016950,Pretty Happy
10016962,Pretty Happy
10016963,Pretty Happy
10016967,Pretty Happy
10016970,Pretty Happy
10016977,Pretty Happy
10016983,Pretty Happy
10016985,Pretty Happy
10016988,Not Happy
10016992,Not Happy
10016996,Pretty Happy
10016997,Very Happy
10017001,Pretty Happy
10017010,Pretty Happy
10017012,Pretty Happy
10017022,Pretty Happy
10017028,Pretty Happy
10017030,Very Happy
10017033,Very Happy
10017037,Pretty Happy
10017049,Not Happy
10017057,Pretty Happy
10017060,Not Happy
10017068,Pretty Happy
10017069,Pretty Happy
10017072,Pretty Happy
10017074,Not Happy
10017076,Pretty Happy
10017079,Pretty Happy
10017081,Pretty Happy
10017085,Pretty Happy
10017086,Not Happy
10017096,Very Happy
10017102,Pretty Happy
10017108,Pretty Happy
10017118,Pretty Happy
10017130,Pretty Happy
10017133,Pretty Happy
10017134,Pretty Happy
10017139,Pretty Happy
10017141,Pretty Happy
10017144,Pretty Happy
10017148,Pretty Happy
10017154,Pretty Happy
10017155,Pretty Happy
10017156,Pretty Happy
10017159,Pretty Happy
10017164,Pretty Happy
10017165,Pretty Happy
10017170,Not Happy
10017172,Pretty Happy
10017176,Pretty Happy
10017179,Pretty Happy
10017181,Pretty Happy
10017182,Pretty Happy
10017191,Very Happy
10017193,Pretty Happy
10017195,Pretty Happy
10017199,Pretty Happy
10017202,Pretty Happy
10017206,Very Happy
10017214,Pretty Happy
10017216,Not Happy
10017223,Pretty Happy
10017226,Pretty Happy
10017228,Pretty Happy
10017229,Pretty Happy
10017235,Pretty Happy
10017238,Pretty Happy
10017244,Pretty Happy
10017245,Pretty Happy
10017256,Pretty Happy
